{
    "name": "Blue",
    "mainColor": {
        "r": 0.15294118225574494,
        "g": 0.21568629145622254,
        "b": 0.3019607961177826,
        "a": 1.0
    },
    "title": {
        "color": {
            "r": 1.0,
            "g": 1.0,
            "b": 1.0,
            "a": 1.0
        },
        "fontColor": {
            "r": 0.0,
            "g": 0.0,
            "b": 0.0,
            "a": 1.0
        },
        "fontSize": 60
    },
    "menu": {
        "color": {
            "r": 0.20784315466880799,
            "g": 0.2862745225429535,
            "b": 0.364705890417099,
            "a": 1.0
        },
        "fontColor": {
            "r": 0.615686297416687,
            "g": 0.6980392336845398,
            "b": 0.7490196228027344,
            "a": 1.0
        },
        "fontSize": 48
    },
    "button": {
        "color": {
            "r": 0.22745099663734437,
            "g": 0.3529411852359772,
            "b": 0.3137255012989044,
            "a": 1.0
        },
        "foreColor": {
            "r": 1.0,
            "g": 1.0,
            "b": 1.0,
            "a": 1.0
        },
        "fontSize": 48
    }
}