{"name":"Default","mainColor":{"r":0.8392156958580017,"g":0.8392156958580017,"b":0.8392156958580017,"a":1.0},"title":{"color":{"r":1.0,"g":1.0,"b":1.0,"a":1.0},"fontColor":{"r":0.0,"g":0.0,"b":0.0,"a":1.0},"fontSize":60},"menu":{"color":{"r":0.8549019694328308,"g":0.843137264251709,"b":0.8039215803146362,"a":1.0},"fontColor":{"r":0.0,"g":0.0,"b":0.0,"a":1.0},"fontSize":48},"button":{"color":{"r":0.22745099663734437,"g":0.3529411852359772,"b":0.3137255012989044,"a":1.0},"foreColor":{"r":1.0,"g":1.0,"b":1.0,"a":1.0},"fontSize":48}}